id,name,x,y,z,rotationY,length,width,floors,footprintLengthMin,footprintLengthMax,residenceType,groundFootprintIndependent,parentBuildingID,source
AERO-01,航空楼,-1210.0,114.0,650.0,90.0,96.0,36.0,6,,,,,,第17项总平面
AERO-02,航天楼,-1090,114,640,90.0,96.0,36.0,6,,,,,,PATCH-2026-09-13-R6
AERO-03,航空航天实验中心,-1150.0,113.0,550.0,90.0,120.0,56.0,4,,,,,,第17项总平面
AI-01,AI学院楼,-460,105,80,90.0,96.0,36.0,7,,,,,,PATCH-2026-09-13-R6
AI-02,AI实验中心,-390.0,104.0,0.0,90.0,90.0,46.0,5,,,,,,第17项总平面
ARC-01,建筑学院A馆,-710.0,110.0,650.0,90.0,96.0,34.0,6,,,,,,第17项总平面
ARC-02,建筑学院B馆,-590.0,110.0,650.0,90.0,82.0,30.0,5,,,,,,第17项总平面
ARC-03,设计与模型实验中心,-650.0,109.0,550.0,90.0,72.0,42.0,3,,,,,,第17项总平面
ART-01,艺术学院主楼,1110.0,113.0,860.0,270.0,102.0,40.0,6,,,,,,第17项总平面
ART-02,美术馆,1260.0,113.0,930.0,270.0,82.0,42.0,4,,,,,,第17项总平面
ART-03,戏剧表演中心,1390.0,110.0,760.0,90.0,132.0,92.0,4,,,,,,第17项总平面
ART-04,表演中心附属排练楼,1220.0,112.0,760.0,90.0,72.0,38.0,4,,,,,,第17项总平面
ATH-01,综合体育馆,0.0,113.0,990.0,0.0,160.0,120.0,,,,,,,第17项总平面
ATH-02,体育馆前广场,0.0,112.0,1100.0,0.0,200,140,,,,,,,第17项总平面
ATH-03,游泳馆,-250.0,114.0,900.0,0.0,122.0,82.0,3,,,,,,第17项总平面
ATH-04,体育训练馆,250.0,114.0,900.0,0.0,112.0,76.0,3,,,,,,第17项总平面
ATH-05,第一400米田径场,0.0,116.0,790.0,0.0,220,155,,,,,,,第17项总平面
ATH-06-N,第一田径场北侧看台,0.0,116.0,885.0,0.0,150,24,,,,,,,第17项总平面
ATH-06-S,第一田径场南侧看台,0.0,116.0,695.0,0.0,150,24,,,,,,,第17项总平面
ATH-11,第二400米田径场,1050.0,102.0,-520.0,0.0,220.0,155.0,,,,,,,第17项总平面
ATH-12,中型看台,1050.0,102.0,-410.0,0.0,130.0,20.0,,,,,,,第17项总平面
ATH-13,体育服务楼,1270.0,103.0,-520.0,270.0,72.0,30.0,3,,,,,,第17项总平面
BUS-01,管理学院A楼,760.0,103.0,-180.0,270.0,96.0,36.0,7,,,,,,第17项总平面
BUS-02,管理学院B楼,900.0,103.0,-180.0,270.0,86.0,32.0,6,,,,,,第17项总平面
CE-01,土木A楼,-960.0,112.0,650.0,90.0,100.0,36.0,7,,,,,,第17项总平面
CE-02,土木B楼,-840.0,112.0,650.0,90.0,92.0,34.0,6,,,,,,第17项总平面
CE-03,水利工程实验中心,-900.0,111.0,550.0,90.0,92.0,46.0,4,,,,,,第17项总平面
CEN-01,主图书馆,0.0,100.0,-160.0,180.0,150.0,70.0,8,,,,,,第17项总平面
CEN-02,行政中心,0.0,101.0,-500.0,180.0,112.0,42.0,7,,,,,,第17项总平面
CEN-03,大学会堂,250.0,101.0,-360.0,270.0,122.0,82.0,3,,,,,,第17项总平面
CEN-04,学生活动中心,-250.0,100.0,-360.0,90.0,112.0,56.0,5,,,,,,第17项总平面
CEN-05,校史馆,-280.0,100.0,-180.0,90.0,86.0,46.0,4,,,,,,第17项总平面
CEN-06,大学博物馆/科学馆,280.0,100.0,-180.0,270.0,102.0,56.0,4,,,,,,第17项总平面
CEN-07,国际交流中心,-420.0,102.0,-430.0,90.0,92.0,42.0,7,,,,,,第17项总平面
CEN-08,创新创业中心,420.0,102.0,-430.0,270.0,96.0,46.0,6,,,,,,第17项总平面
CEN-09,公共教学A楼,-470.0,102.0,-280.0,90.0,112.0,38.0,7,,,,,,第17项总平面
CEN-10,公共教学B楼,-470.0,101.0,-120.0,90.0,112.0,38.0,7,,,,,,第17项总平面
CEN-11,公共教学C楼,470.0,102.0,-280.0,270.0,104.0,38.0,7,,,,,,第17项总平面
CEN-12,公共教学D楼,470.0,101.0,-120.0,270.0,104.0,38.0,7,,,,,,第17项总平面
CEN-13,公共实验A楼,-510,101,40,90.0,102.0,46.0,6,,,,,,PATCH-2026-09-13-R6
CEN-14,公共实验B楼,500.0,101.0,40.0,270.0,102.0,46.0,6,,,,,,第17项总平面
CEN-15,大学会议中心,300.0,101.0,-540.0,270.0,96.0,56.0,4,,,,,,第17项总平面
CEN-16,招生访客中心,0.0,100.0,-780.0,180.0,72.0,36.0,4,,,,,,第17项总平面
CEN-17,理工科图书分馆,-460.0,100.0,180.0,90.0,96.0,48.0,6,,,,,,第17项总平面
CEN-18,人文社科图书分馆,460.0,100.0,180.0,270.0,92.0,46.0,6,,,,,,第17项总平面
CHE-01,化工A楼,-1210.0,109.0,270.0,90.0,102.0,36.0,6,,,,,,第17项总平面
CHE-02,化工B楼,-1090.0,109.0,270.0,90.0,92.0,36.0,6,,,,,,第17项总平面
CHE-03,化工实验中心,-1150.0,108.0,180.0,90.0,96.0,52.0,4,,,,,,第17项总平面
CHM-01,化学学院楼,-50.0,109.0,650.0,180.0,96.0,34.0,7,,,,,,第17项总平面
CHM-02,基础化学实验中心,-50.0,108.0,550.0,180.0,92.0,52.0,5,,,,,,第17项总平面
CSE-01,计算机A楼,-760.0,105.0,-120.0,90.0,112.0,38.0,8,,,,,,第17项总平面
CSE-02,计算机B楼,-640.0,105.0,-120.0,90.0,102.0,36.0,7,,,,,,第17项总平面
CSE-03,计算中心,-700.0,104.0,-220.0,90.0,96.0,46.0,5,,,,,,第17项总平面
ECE-01,电子学院楼,-710.0,106.0,90.0,90.0,96.0,36.0,7,,,,,,第17项总平面
ECE-02,微电子实验中心,-590.0,105.0,0.0,90.0,86.0,46.0,5,,,,,,第17项总平面
ECO-01,经济学院楼,600.0,103.0,-180.0,270.0,86.0,32.0,7,,,,,,第17项总平面
EDU-01,教育学院楼,820.0,108.0,430.0,270.0,86.0,32.0,6,,,,,,第17项总平面
EE-01,电气学院楼,-710.0,108.0,270.0,90.0,102.0,36.0,7,,,,,,第17项总平面
EE-02,电力系统实验中心,-590.0,107.0,180.0,90.0,92.0,46.0,4,,,,,,第17项总平面
ENV-01,环境学院楼,-470.0,108.0,650.0,90.0,86.0,32.0,6,,,,,,第17项总平面
ENV-02,环境实验中心,-390.0,107.0,550.0,90.0,78.0,42.0,4,,,,,,第17项总平面
EPE-01,能源动力A楼,-960.0,109.0,270.0,90.0,102.0,36.0,7,,,,,,第17项总平面
EPE-02,能源动力B楼,-840.0,109.0,270.0,90.0,96.0,36.0,6,,,,,,第17项总平面
EPE-03,动力实验中心,-900.0,108.0,180.0,90.0,106.0,52.0,4,,,,,,第17项总平面
FIN-01,金融学院楼,600.0,102.0,-320.0,270.0,86.0,32.0,7,,,,,,第17项总平面
FLA-01,外国语学院楼,820.0,106.0,280.0,270.0,88.0,32.0,7,,,,,,第17项总平面
GEO-01,地球科学楼,260.0,111.0,650.0,180.0,92.0,36.0,6,,,,,,第17项总平面
GEO-02,资源实验中心,260.0,110.0,550.0,180.0,86.0,46.0,4,,,,,,第17项总平面
GPA-01,公共管理楼,820.0,105.0,120.0,270.0,86.0,32.0,6,,,,,,第17项总平面
HSP-01,江城大学附属医院门诊综合基座,-1040,99,-1010,180,140,70,6,,,,,,PATCH-2026-09-13-R6
HSP-02,江城大学附属医院住院塔楼,,,,,112,56,,,,,False,HSP-01,PATCH-2026-09-13-R6
HSP-03,江城大学附属医院医技连接翼,-1040,99,-944,180,92,62,8,,,,,,PATCH-2026-09-13-R6
HSP-04,江城大学附属医院科研中心,-860,101,-830,180,92,46,8,,,,,,PATCH-2026-09-13-R6
HSP-05,校医院/卫生中心,-680,103,-680,45,72,36,4,,,,,,PATCH-2026-09-13-R6
HUM-01,人文学院楼,650.0,106.0,280.0,270.0,88.0,32.0,7,,,,,,第17项总平面
ICT-01,信息通信楼,-960.0,107.0,90.0,90.0,96.0,36.0,7,,,,,,第17项总平面
ICT-02,通信实验中心,-840.0,106.0,0.0,90.0,90.0,46.0,5,,,,,,第17项总平面
IGS-01,国际研究生院,900.0,103.0,-360.0,270.0,92.0,36.0,7,,,,,,第17项总平面
JRN-01,新闻传播楼,650.0,108.0,430.0,270.0,86.0,32.0,6,,,,,,第17项总平面
LAW-01,法学院及法律援助中心,-1430.0,106.0,-80.0,270.0,104.0,40.0,7,,,,,,第17项总平面
LIFE-01,生命科学楼,100.0,110.0,650.0,180.0,96.0,36.0,7,,,,,,第17项总平面
LIFE-02,生物实验中心,100.0,109.0,550.0,180.0,92.0,52.0,5,,,,,,第17项总平面
LIFE-C-01,江城大学校园商业中心,520.0,101.0,-550.0,270.0,122.0,72.0,4,,,,,,第17项总平面
LIFE-C-02,博雅餐厅,690.0,101.0,-550.0,270.0,92.0,56.0,3,,,,,,第17项总平面
LIFE-C-03,校园书店,520.0,101.0,-650.0,270.0,72.0,38.0,3,,,,,,第17项总平面
LIFE-C-04,快递邮政中心,690.0,101.0,-650.0,270.0,82.0,44.0,3,,,,,,第17项总平面
LIFE-E-01,东苑食堂,1150.0,103.0,-300.0,180.0,112.0,66.0,4,,,,,,第17项总平面
LIFE-E-02,江大校园超市·东苑店,1320.0,103.0,-300.0,180.0,62.0,36.0,2,,,,,,第17项总平面
LIFE-N-01,北苑食堂,850.0,113.0,800.0,180.0,108.0,64.0,4,,,,,,第17项总平面
LIFE-N-02,江大校园超市·北苑店,850.0,112.0,690.0,180.0,60.0,36.0,2,,,,,,第17项总平面
LIFE-S-01,南苑食堂,900.0,102.0,-820.0,180.0,112.0,66.0,4,,,,,,第17项总平面
LIFE-S-02,江大校园超市·南苑店,900.0,102.0,-940.0,180.0,62.0,36.0,2,,,,,,第17项总平面
LIFE-W-01,西苑食堂,-1450.0,106.0,120.0,90.0,112.0,66.0,4,,,,,,第17项总平面
LIFE-W-02,江大校园超市·西苑店,-1300.0,106.0,120.0,90.0,62.0,36.0,2,,,,,,第17项总平面
MARX-01,学院楼,650.0,104.0,120.0,270.0,78.0,30.0,6,,,,,,第17项总平面
MAT-01,材料学院楼,-710.0,109.0,450.0,90.0,92.0,34.0,6,,,,,,第17项总平面
MAT-02,材料实验中心,-590.0,108.0,350.0,90.0,86.0,46.0,4,,,,,,第17项总平面
MATH-01,数学科学楼,-320.0,108.0,600.0,180.0,92.0,32.0,7,,,,,,第17项总平面
ME-01,机械A楼,-960.0,111.0,450.0,90.0,102.0,36.0,7,,,,,,第17项总平面
ME-02,机械B楼,-840.0,111.0,450.0,90.0,96.0,36.0,6,,,,,,第17项总平面
ME-03,先进制造实验楼,-900.0,110.0,350.0,90.0,112.0,52.0,4,,,,,,第17项总平面
MED-01,医学院教学楼,-1230.0,104.0,-620.0,45.0,112.0,40.0,8,,,,,,第17项总平面
MED-02,基础医学楼,-1080.0,104.0,-620.0,45.0,96.0,40.0,7,,,,,,第17项总平面
MED-03,医学实验楼,-1230.0,105.0,-500.0,45.0,96.0,52.0,6,,,,,,第17项总平面
MED-04,医学研究中心,-1080.0,105.0,-500.0,45.0,102.0,46.0,8,,,,,,第17项总平面
NEE-01,国家卓越工程师学院,-470,107,280,90.0,102.0,40.0,7,,,,,,PATCH-2026-09-13-R6
NEE-02,工程实践中心,-390.0,106.0,180.0,90.0,102.0,52.0,4,,,,,,第17项总平面
NUC-01,核科学楼,-1210.0,112.0,450.0,90.0,92.0,36.0,6,,,,,,第17项总平面
NUC-02,新能源楼,-1090.0,112.0,450.0,90.0,96.0,36.0,6,,,,,,第17项总平面
NUC-03,能源实验中心,-1150.0,111.0,350.0,90.0,102.0,52.0,4,,,,,,第17项总平面
OPS-01,保卫/校园警务中心,-120.0,100.0,-900.0,180.0,62.0,32.0,4,,,,,,第17项总平面
OPS-02,后勤服务中心,1180.0,101.0,-850.0,90.0,82.0,38.0,5,,,,,,第17项总平面
OPS-03,维修中心,1330.0,101.0,-760.0,90.0,86.0,46.0,3,,,,,,第17项总平面
OPS-04,能源中心,1200.0,101.0,-940.0,90.0,82.0,48.0,3,,,,,,第17项总平面
OPS-05,水电运行中心,1340.0,101.0,-840.0,90.0,72.0,42.0,3,,,,,,第17项总平面
OPS-06,校车运营中心,1200.0,102.0,-760.0,90.0,82.0,40.0,3,,,,,,第17项总平面
OPS-07,网络信息中心,-550.0,103.0,-380.0,90.0,92.0,40.0,6,,,,,,第17项总平面
OPS-08,档案馆,-550.0,103.0,-500.0,90.0,76.0,38.0,5,,,,,,第17项总平面
OPS-09,教职工服务中心,-400.0,102.0,-650.0,90.0,82.0,40.0,5,,,,,,第17项总平面
OPS-10,校友中心,-250.0,102.0,-650.0,90.0,76.0,38.0,4,,,,,,第17项总平面
PE-01,体育学院楼,-300.0,115.0,700.0,180.0,92.0,36.0,6,,,,,,第17项总平面
PE-02,体育训练教学楼,300.0,115.0,700.0,180.0,86.0,46.0,4,,,,,,第17项总平面
PH-01,公共卫生学院楼,-760.0,103.0,-620.0,45.0,92.0,36.0,7,,,,,,第17项总平面
PH-02,公共卫生实验中心,-760.0,104.0,-500.0,45.0,86.0,46.0,5,,,,,,第17项总平面
PHA-01,药学院楼,-920.0,104.0,-620.0,45.0,92.0,36.0,7,,,,,,第17项总平面
PHA-02,药学实验中心,-920.0,105.0,-500.0,45.0,86.0,46.0,5,,,,,,第17项总平面
PHY-01,物理科学楼,-190.0,109.0,650.0,180.0,96.0,34.0,7,,,,,,第17项总平面
PHY-02,物理实验中心,-190.0,108.0,550.0,180.0,92.0,46.0,5,,,,,,第17项总平面
PSY-01,心理认知科学楼,990.0,108.0,430.0,270.0,86.0,32.0,6,,,,,,第17项总平面
RDI-01,智能工程实验中心,-700.0,112.0,760.0,90.0,96.0,46.0,6,,,,,,第17项总平面
RDI-02,国家重点实验室A,-1320.0,116.0,850.0,90.0,92.0,46.0,5,,,,,,第17项总平面
RDI-03,国家重点实验室B,-1160.0,116.0,850.0,90.0,92.0,46.0,5,,,,,,第17项总平面
RDI-04,国家重点实验室C,-1000.0,115.0,850.0,90.0,92.0,46.0,5,,,,,,第17项总平面
RDI-05,超级计算中心,-840.0,115.0,850.0,90.0,82.0,46.0,4,,,,,,第17项总平面
RDI-06,大型仪器共享中心,-680,114,860,90.0,86.0,52.0,4,,,,,,PATCH-2026-09-13-R6
RDI-07,先进制造研究中心,-1260.0,114.0,730.0,90.0,112.0,56.0,4,,,,,,第17项总平面
RDI-08,新能源研究中心,-1080,114,740,90.0,96.0,52.0,5,,,,,,PATCH-2026-09-13-R6
RDI-09,智能系统研究中心,-900.0,113.0,730.0,90.0,92.0,46.0,5,,,,,,第17项总平面
RDI-10,产学研中心A,-1180.0,117.0,960.0,180.0,96.0,46.0,6,,,,,,第17项总平面
RDI-11,产学研中心B,-1030.0,117.0,980.0,180.0,96.0,46.0,6,,,,,,第17项总平面
RDI-12,科技园综合楼,-880.0,117.0,990.0,180.0,122.0,56.0,8,,,,,,第17项总平面
RDI-13,科技园研发楼A,-730.0,116.0,1000.0,180.0,102.0,46.0,7,,,,,,第17项总平面
RDI-14,科技园研发楼B,-580.0,116.0,1000.0,180.0,102.0,46.0,7,,,,,,第17项总平面
RES-E-G01,,1300.0,103.0,-40.0,0.0,72,18,10,,,graduate,,,第17项总平面
RES-E-G02,,1420.0,103.0,-40.0,0.0,72,18,10,,,graduate,,,第17项总平面
RES-E-G03,,1240.0,103.0,-150.0,90.0,72,18,10,,,graduate,,,第17项总平面
RES-E-I01,,1380.0,103.0,-150.0,90.0,72,20,10,,,international,,,第17项总平面
RES-E-U01,,1180.0,105.0,300.0,0.0,,,,78,82,undergraduate,,,第17项总平面
RES-E-U02,,1300.0,105.0,300.0,0.0,,,,78,82,undergraduate,,,第17项总平面
RES-E-U03,,1420.0,106.0,300.0,0.0,,,,78,82,undergraduate,,,第17项总平面
RES-E-U04,,1180.0,104.0,200.0,0.0,,,,78,82,undergraduate,,,第17项总平面
RES-E-U05,,1300.0,104.0,200.0,0.0,,,,78,82,undergraduate,,,第17项总平面
RES-E-U06,,1420.0,105.0,200.0,0.0,,,,78,82,undergraduate,,,第17项总平面
RES-E-U07,,1180.0,104.0,80.0,0.0,,,,78,82,undergraduate,,,第17项总平面
RES-E-U08,,1300.0,104.0,80.0,0.0,,,,78,82,undergraduate,,,第17项总平面
RES-E-U09,,1420.0,104.0,80.0,0.0,,,,78,82,undergraduate,,,第17项总平面
RES-E-U10,,1180.0,103.0,-40.0,0.0,,,,78,82,undergraduate,,,第17项总平面
RES-N-G01,,-260.0,114.0,980.0,0.0,72,18,10,,,graduate,,,第17项总平面
RES-N-G02,,690.0,115.0,1000.0,90.0,72,18,10,,,graduate,,,第17项总平面
RES-N-G03,,810.0,115.0,950.0,0.0,72,18,10,,,graduate,,,第17项总平面
RES-N-U01,,-520.0,113.0,900.0,90.0,,,,78,82,undergraduate,,,第17项总平面
RES-N-U02,,-390.0,113.0,900.0,90.0,,,,78,82,undergraduate,,,第17项总平面
RES-N-U03,,-520.0,114.0,1000.0,90.0,,,,78,82,undergraduate,,,第17项总平面
RES-N-U04,,-390.0,114.0,1000.0,90.0,,,,78,82,undergraduate,,,第17项总平面
RES-N-U05,,-455.0,115.0,1060.0,0.0,,,,78,82,undergraduate,,,第17项总平面
RES-N-U06,,430.0,114.0,900.0,90.0,,,,78,82,undergraduate,,,第17项总平面
RES-N-U07,,560.0,114.0,900.0,90.0,,,,78,82,undergraduate,,,第17项总平面
RES-N-U08,,690.0,114.0,900.0,90.0,,,,78,82,undergraduate,,,第17项总平面
RES-N-U09,,430.0,115.0,1000.0,90.0,,,,78,82,undergraduate,,,第17项总平面
RES-N-U10,,560.0,115.0,1000.0,90.0,,,,78,82,undergraduate,,,第17项总平面
RES-S-G01,,360.0,102.0,-740.0,0.0,72,18,10,,,graduate,,,第17项总平面
RES-S-I01,,500.0,102.0,-740.0,0.0,72,20,10,,,international,,,第17项总平面
RES-S-I02,,640.0,103.0,-740.0,0.0,72,20,10,,,international,,,第17项总平面
RES-S-I03,,780.0,103.0,-740.0,0.0,72,20,10,,,international,,,第17项总平面
RES-S-U01,,300.0,100.0,-950.0,90.0,,,,78,82,undergraduate,,,第17项总平面
RES-S-U02,,420.0,100.0,-950.0,90.0,,,,78,82,undergraduate,,,第17项总平面
RES-S-U03,,540.0,100.0,-950.0,90.0,,,,78,82,undergraduate,,,第17项总平面
RES-S-U04,,660.0,100.0,-950.0,90.0,,,,78,82,undergraduate,,,第17项总平面
RES-S-U05,,780.0,101.0,-950.0,90.0,,,,78,82,undergraduate,,,第17项总平面
RES-S-U06,,300.0,101.0,-840.0,90.0,,,,78,82,undergraduate,,,第17项总平面
RES-S-U07,,420.0,101.0,-840.0,90.0,,,,78,82,undergraduate,,,第17项总平面
RES-S-U08,,540.0,101.0,-840.0,90.0,,,,78,82,undergraduate,,,第17项总平面
RES-S-U09,,660.0,102.0,-840.0,90.0,,,,78,82,undergraduate,,,第17项总平面
RES-S-U10,,780.0,102.0,-840.0,90.0,,,,78,82,undergraduate,,,第17项总平面
RES-W-G01,,-1430.0,110.0,720.0,90.0,72,18,10,,,graduate,,,第17项总平面
RES-W-G02,,-1310.0,110.0,720.0,90.0,72,18,10,,,graduate,,,第17项总平面
RES-W-G03,,-1370.0,110.0,675.0,0.0,72,18,10,,,graduate,,,第17项总平面
RES-W-U01,,-1450.0,106.0,230.0,90.0,,,,78,82,undergraduate,,,第17项总平面
RES-W-U02,,-1330.0,106.0,230.0,90.0,,,,78,82,undergraduate,,,第17项总平面
RES-W-U03,,-1450.0,107.0,320.0,90.0,,,,78,82,undergraduate,,,第17项总平面
RES-W-U04,,-1330.0,107.0,320.0,90.0,,,,78,82,undergraduate,,,第17项总平面
RES-W-U05,,-1390.0,107.0,370.0,0.0,,,,78,82,undergraduate,,,第17项总平面
RES-W-U06,,-1450.0,108.0,440.0,90.0,,,,78,82,undergraduate,,,第17项总平面
RES-W-U07,,-1330.0,108.0,440.0,90.0,,,,78,82,undergraduate,,,第17项总平面
RES-W-U08,,-1450.0,108.0,530.0,90.0,,,,78,82,undergraduate,,,第17项总平面
RES-W-U09,,-1330.0,108.0,530.0,90.0,,,,78,82,undergraduate,,,第17项总平面
RES-W-U10,,-1390.0,109.0,575.0,0.0,,,,78,82,undergraduate,,,第17项总平面
RES-W-U11,,-1430.0,109.0,640.0,90.0,,,,78,82,undergraduate,,,第17项总平面
RES-W-U12,,-1310.0,109.0,640.0,90.0,,,,78,82,undergraduate,,,第17项总平面
SAF-01,安全学院楼,-1210.0,107.0,90.0,90.0,86.0,32.0,6,,,,,,第17项总平面
SAF-02,安全实验中心,-1100.0,106.0,0.0,90.0,82.0,44.0,4,,,,,,第17项总平面
SOC-01,社会科学楼,990.0,107.0,280.0,270.0,82.0,30.0,6,,,,,,第17项总平面
TRA-01,交通学院楼,-470.0,107.0,450.0,90.0,92.0,36.0,6,,,,,,第17项总平面
TRA-02,交通实验中心,-390.0,106.0,350.0,90.0,86.0,46.0,4,,,,,,第17项总平面
